project;merge commit;className;method;left modifications;has_build;left deletions;right modifications;right deletions;realistic case path
unirest-java;dd532cf17f17fba254562c029848558c8c04b79c;kong.tests.AssertTest;assertHeader();[81, 83];TRUE;[];[81, 83];[];
unirest-java;dd532cf17f17fba254562c029848558c8c04b79c;kong.tests.AssertTest;assertBody();[150, 152, 154];TRUE;[];[150, 152, 154];[];
unirest-java;dd532cf17f17fba254562c029848558c8c04b79c;kong.tests.AssertTest;canAssertANumberOfTimes();[51, 45, 47];TRUE;[];[51, 45, 47];[];
unirest-java;a354dd6248987d23dfa416f5c1e4d0e2ddbee799;com.mashape.unirest.test.http.UnirestTest;testDefaultHeaders();[349];TRUE;[];[355, 356, 342];[];
unirest-java;5dea3b35da4430409305fc4e03660375b0c2910a;BehaviorTests.BddTest;setUp();[51];TRUE;[];[];[];
unirest-java;5dea3b35da4430409305fc4e03660375b0c2910a;BehaviorTests.LifeCycleTest;canDetectIfSystemIsRunning();[163, 166];TRUE;[];[];[];
unirest-java;5dea3b35da4430409305fc4e03660375b0c2910a;BehaviorTests.LifeCycleTest;willReinitIfLibraryIsUsedAfterShutdown();[172];TRUE;[];[];[];
metadata-extractor;89b5ede4f1a697abd3caf297ba5c292c2b074256;com.drew.metadata.exif.makernotes.AppleMakernoteDirectory;static block;[51, 54, 55];TRUE;[];[51, 54, 55];[];
spring-cloud-config;9810538bf516aedc858574f67cf9bbb8afa7f229;org.springframework.cloud.config.server.support.GitSkipSslValidationCredentialsProviderTest;testGetUnrelatedCredentialItemTypes();[163, 164, 158];TRUE;[];[163, 164, 158];[];
spring-cloud-config;9810538bf516aedc858574f67cf9bbb8afa7f229;org.springframework.cloud.config.server.environment.MultipleJGitEnvironmentApplicationPlaceholderRepositoryTests;createRepository(String, String, String);[74];TRUE;[];[74];[];
spring-cloud-config;9810538bf516aedc858574f67cf9bbb8afa7f229;org.springframework.cloud.config.server.environment.MultipleJGitEnvironmentApplicationPlaceholderRepositoryTests;repository;[47];TRUE;[];[47];[];
spring-cloud-config;9810538bf516aedc858574f67cf9bbb8afa7f229;org.springframework.cloud.config.server.environment.EnvironmentEncryptorEnvironmentRepository;EnvironmentEncryptorEnvironmentRepository(EnvironmentRepository, List<EnvironmentEncryptor>);[53];TRUE;[];[53];[];
spring-cloud-config;9810538bf516aedc858574f67cf9bbb8afa7f229;org.springframework.cloud.config.server.encryption.CipherEnvironmentEncryptorTests;shouldDecryptEnvironment();[65, 54, 55, 62];TRUE;[];[65, 54, 55, 62];[];
spring-cloud-config;9810538bf516aedc858574f67cf9bbb8afa7f229;org.springframework.cloud.config.server.encryption.CipherEnvironmentEncryptorTests;shouldDecryptEnvironmentWithKey();[82, 85, 73, 74];TRUE;[];[82, 85, 73, 74];[];
spring-cloud-config;9810538bf516aedc858574f67cf9bbb8afa7f229;org.springframework.cloud.config.server.encryption.CipherEnvironmentEncryptorTests;shouldDecryptEnvironmentIncludeOrigin();[113, 118, 106, 107];TRUE;[];[113, 118, 106, 107];[];
spring-cloud-config;9810538bf516aedc858574f67cf9bbb8afa7f229;org.springframework.cloud.config.server.encryption.CipherEnvironmentEncryptorTests;shouldBeAbleToUseNullAsPropertyValue();[99, 92, 93];TRUE;[];[99, 92, 93];[];
spring-cloud-config;9810538bf516aedc858574f67cf9bbb8afa7f229;org.springframework.cloud.config.server.environment.ConfigurableHttpConnectionFactoryIntegrationTests;httpProxy_placeholderUrl();[161, 162, 164, 166, 167];TRUE;[];[161, 162, 164, 166, 167];[];
spring-cloud-config;9810538bf516aedc858574f67cf9bbb8afa7f229;org.springframework.cloud.config.server.environment.ConfigurableHttpConnectionFactoryIntegrationTests;httpProxy();[150, 155, 156];TRUE;[];[150, 155, 156];[];
spring-cloud-config;9810538bf516aedc858574f67cf9bbb8afa7f229;org.springframework.cloud.config.server.environment.ConfigurableHttpConnectionFactoryIntegrationTests;authenticatedHttpsProxy();[98, 99, 93];TRUE;[];[98, 99, 93];[];
spring-cloud-config;9810538bf516aedc858574f67cf9bbb8afa7f229;org.springframework.cloud.config.server.environment.ConfigurableHttpConnectionFactoryIntegrationTests;httpProxy_called_for_https_request_when_no_httpsProxy_specified();[177, 178, 172];TRUE;[];[177, 178, 172];[];
spring-cloud-config;9810538bf516aedc858574f67cf9bbb8afa7f229;org.springframework.cloud.config.server.environment.ConfigurableHttpConnectionFactoryIntegrationTests;httpProxy_fromSystemProperty();[185, 203, 204];TRUE;[];[185, 203, 204];[];
spring-cloud-config;9810538bf516aedc858574f67cf9bbb8afa7f229;org.springframework.cloud.config.server.environment.ConfigurableHttpConnectionFactoryIntegrationTests;httpsProxy_placeholderUrl();[116, 117, 119, 122, 123];TRUE;[];[116, 117, 119, 122, 123];[];
spring-cloud-config;9810538bf516aedc858574f67cf9bbb8afa7f229;org.springframework.cloud.config.server.environment.ConfigurableHttpConnectionFactoryIntegrationTests;makeRequest(HttpClient, String);[240, 236, 237, 238, 239];TRUE;[];[240, 236, 237, 238, 239];[];
spring-cloud-config;9810538bf516aedc858574f67cf9bbb8afa7f229;org.springframework.cloud.config.server.environment.ConfigurableHttpConnectionFactoryIntegrationTests;authenticatedHttpProxy();[144, 145, 139];TRUE;[];[144, 145, 139];[];
spring-cloud-config;9810538bf516aedc858574f67cf9bbb8afa7f229;org.springframework.cloud.config.server.environment.ConfigurableHttpConnectionFactoryIntegrationTests;httpsProxy();[105, 110, 111];TRUE;[];[105, 110, 111];[];
spring-cloud-config;9810538bf516aedc858574f67cf9bbb8afa7f229;org.springframework.cloud.config.server.environment.ConfigurableHttpConnectionFactoryIntegrationTests;httpsProxy_called_for_http_request_when_no_httpProxy_specified();[128, 133, 134];TRUE;[];[128, 133, 134];[];
spring-cloud-config;9810538bf516aedc858574f67cf9bbb8afa7f229;org.springframework.cloud.config.server.environment.JGitEnvironmentRepository;initClonedRepository();[370, 377];TRUE;[];[370, 377];[]
spring-cloud-config;9810538bf516aedc858574f67cf9bbb8afa7f229;org.springframework.cloud.config.server.environment.JGitEnvironmentRepository;JGitEnvironmentRepository(ConfigurableEnvironment, JGitEnvironmentProperties);[164];TRUE;[];[164];[]
spring-cloud-config;9810538bf516aedc858574f67cf9bbb8afa7f229;org.springframework.cloud.config.client.ConfigClientRequestTemplateFactory;createHttpRequestFactory(ConfigClientProperties);[93];TRUE;[];[92, 93];[]
spring-cloud-config;9810538bf516aedc858574f67cf9bbb8afa7f229;org.springframework.cloud.config.client.ConfigClientProperties;extractCredentials(int);[342];TRUE;[];[342];[]
spring-cloud-config;9810538bf516aedc858574f67cf9bbb8afa7f229;org.springframework.cloud.config.client.ConfigServerConfigDataLoader;load(ConfigDataLoaderContext, ConfigServerConfigDataResource);[96, 97, 95];TRUE;[];[96, 97, 95];[]
spring-cloud-config;9810538bf516aedc858574f67cf9bbb8afa7f229;org.springframework.cloud.config.client.ConfigServerConfigDataLoader;getRemoteEnvironment(ConfigDataLoaderContext, ConfigServerConfigDataResource, String, String);[320, 308, 309, 310, 311, 312, 313, 314];TRUE;[];[320, 308, 309, 310, 311, 312, 313, 314];[]
spring-cloud-config;9810538bf516aedc858574f67cf9bbb8afa7f229;org.springframework.cloud.config.client.ConfigClientPropertiesTests;checkIfExceptionThrownForNegativeIndex();[148, 150, 151];TRUE;[];[148, 150, 151];[]
spring-cloud-config;9810538bf516aedc858574f67cf9bbb8afa7f229;org.springframework.cloud.config.client.ConfigClientPropertiesTests;checkIfExceptionThrownForIndexEqualToLength();[164, 166, 167];TRUE;[];[164, 166, 167];[]
spring-cloud-config;9810538bf516aedc858574f67cf9bbb8afa7f229;org.springframework.cloud.config.client.ConfigClientPropertiesTests;checkIfExceptionThrownForPositiveInvalidIndex();[156, 158, 159];TRUE;[];[156, 158, 159];[]
spring-cloud-config;9810538bf516aedc858574f67cf9bbb8afa7f229;org.springframework.cloud.config.client.ConfigClientRetryBootstrapper;initialize(BootstrapRegistry);[48, 49, 50, 51, 52, 47];TRUE;[];[48, 49, 50, 51, 52, 47];[]
spring-cloud-config;9810538bf516aedc858574f67cf9bbb8afa7f229;org.springframework.cloud.config.client.tls.AppRunner;availabeTcpPort();[58];TRUE;[];[58];[]
spring-cloud-config;9810538bf516aedc858574f67cf9bbb8afa7f229;org.springframework.cloud.config.client.DiscoveryClientConfigServiceBootstrapConfigurationNoSpringRetryTests;shouldFailWithExceptionGetConfigServerInstanceFromDiscoveryClient();[32, 33, 34, 35, 31];TRUE;[];[32, 33, 34, 35, 31];[]
spring-cloud-config;9810538bf516aedc858574f67cf9bbb8afa7f229;org.springframework.cloud.config.client.DiscoveryClientConfigServiceBootstrapConfigurationTests;shouldRetryAndFailWithExceptionGetConfigServerInstanceFromDiscoveryClient();[182, 183, 185, 186];TRUE;[];[182, 183, 185, 186];[]
spring-cloud-config;9810538bf516aedc858574f67cf9bbb8afa7f229;org.springframework.cloud.config.client.ConfigServicePropertySourceLocator;getRemoteEnvironment(ConfigClientRequestTemplateFactory, String, String);[289, 290, 291, 292, 293, 294, 295, 301];TRUE;[];[289, 290, 291, 292, 293, 294, 295, 301];[]
spring-cloud-config;9810538bf516aedc858574f67cf9bbb8afa7f229;org.springframework.cloud.config.client.tls.ConfigClientTlsTests;nonExistKeyStoreCauseFailure();[133, 137, 138];TRUE;[];[133, 137, 138];[]
spring-cloud-config;9810538bf516aedc858574f67cf9bbb8afa7f229;org.springframework.cloud.config.client.tls.ConfigClientTlsTests;wrongPasswordCauseFailure();[128, 123, 127];TRUE;[];[128, 123, 127];[]
spring-cloud-config;9810538bf516aedc858574f67cf9bbb8afa7f229;org.springframework.cloud.config.client.ConfigServicePropertySourceLocatorTests;shouldThrowExceptionWhenNegativeReadTimeoutSet();[266, 269, 270];TRUE;[];[266, 269, 270];[]
spring-cloud-config;9810538bf516aedc858574f67cf9bbb8afa7f229;org.springframework.cloud.config.client.ConfigServicePropertySourceLocatorTests;sunnyDayWithNoSuchLabelAndFailFast();[146, 147, 139];TRUE;[];[146, 147, 139];[]
spring-cloud-config;9810538bf516aedc858574f67cf9bbb8afa7f229;org.springframework.cloud.config.client.ConfigServicePropertySourceLocatorTests;shouldThrowExceptionWhenPasswordAndAuthorizationBothSet();[259, 260, 261, 253];TRUE;[];[259, 260, 261, 253];[]
spring-cloud-config;9810538bf516aedc858574f67cf9bbb8afa7f229;org.springframework.cloud.config.client.ConfigServicePropertySourceLocatorTests;failFast();[160, 161, 162, 167, 168, 169, 170];TRUE;[];[160, 161, 162, 167, 168, 169, 170];[]
spring-cloud-config;9810538bf516aedc858574f67cf9bbb8afa7f229;org.springframework.cloud.config.client.ConfigServicePropertySourceLocatorTests;shouldThrowExceptionWhenNegativeConnectTimeoutSet();[275, 278, 279];TRUE;[];[275, 278, 279];[]
spring-cloud-config;9810538bf516aedc858574f67cf9bbb8afa7f229;org.springframework.cloud.config.client.ConfigServicePropertySourceLocatorTests;failFastWhenBothPasswordAndAuthorizationPropertiesSet();[213, 214, 215, 202];TRUE;[];[213, 214, 215, 202];[]
spring-cloud-config;9810538bf516aedc858574f67cf9bbb8afa7f229;org.springframework.cloud.config.monitor.FileMonitorConfigurationTest;createScmEnvironmentRepository(String);[164];TRUE;[];[164];[]
spring-cloud-config;9810538bf516aedc858574f67cf9bbb8afa7f229;org.springframework.cloud.config.monitor.FileMonitorConfigurationTest;createNativeEnvironmentRepository();[157];TRUE;[];[157];[]
LakeSoul;52ee67b1e630d2cfad4d96b7ef2fa61a774534f1;com.dmetasoul.lakesoul.meta.DBManager;addShortTableName(String, String);[285];TRUE;[];[285];[]
LakeSoul;52ee67b1e630d2cfad4d96b7ef2fa61a774534f1;com.dmetasoul.lakesoul.meta.DBManager;logicDeletePartitionInfoByRangeId(String, String);[254];TRUE;[];[254];[]
LakeSoul;52ee67b1e630d2cfad4d96b7ef2fa61a774534f1;com.dmetasoul.lakesoul.meta.DBManager;updateTableShortName(String, String, String);[311, 317];TRUE;[];[311, 317];[]
LakeSoul;52ee67b1e630d2cfad4d96b7ef2fa61a774534f1;com.dmetasoul.lakesoul.meta.DBManager;deleteShortTableName(String, String);[281];TRUE;[];[281];[]
LakeSoul;52ee67b1e630d2cfad4d96b7ef2fa61a774534f1;com.dmetasoul.lakesoul.meta.DBManager;getSinglePartitionInfo(String, String, int);[150];TRUE;[];[150];[]
LakeSoul;52ee67b1e630d2cfad4d96b7ef2fa61a774534f1;com.dmetasoul.lakesoul.meta.DBManager;commitData(MetaInfo, boolean, String);[416, 403, 339, 407, 345, 410, 330, 331, 413];TRUE;[];[416, 403, 339, 407, 345, 410, 330, 331, 413];[]
LakeSoul;52ee67b1e630d2cfad4d96b7ef2fa61a774534f1;com.dmetasoul.lakesoul.meta.DBManager;shortTableName(String);[83];TRUE;[];[83];[]
LakeSoul;52ee67b1e630d2cfad4d96b7ef2fa61a774534f1;com.dmetasoul.lakesoul.meta.DBManager;deleteTableInfo(String, String);[224];TRUE;[];[224];[]
LakeSoul;52ee67b1e630d2cfad4d96b7ef2fa61a774534f1;com.dmetasoul.lakesoul.meta.DBManager;compactionConflict(String, List<String>, Map<String,PartitionInfo>, Map<String,PartitionInfo>, int);[512];TRUE;[];[512, 514];[]
LakeSoul;52ee67b1e630d2cfad4d96b7ef2fa61a774534f1;com.dmetasoul.lakesoul.meta.DBManager;isTableIdExists(String, String);[79];TRUE;[];[79];[]
LakeSoul;52ee67b1e630d2cfad4d96b7ef2fa61a774534f1;com.dmetasoul.lakesoul.meta.DBManager;getTableInfoByName(String);[95];TRUE;[];[95];[]
LakeSoul;52ee67b1e630d2cfad4d96b7ef2fa61a774534f1;com.dmetasoul.lakesoul.meta.DBManager;appendConflict(String, List<String>, Map<String,PartitionInfo>, Map<String,PartitionInfo>, int);[457];TRUE;[];[457, 459];[]
LakeSoul;52ee67b1e630d2cfad4d96b7ef2fa61a774534f1;com.dmetasoul.lakesoul.meta.DBManager;getTablePathFromShortTableName(String);[87];TRUE;[];[87];[]
LakeSoul;52ee67b1e630d2cfad4d96b7ef2fa61a774534f1;com.dmetasoul.lakesoul.meta.DBManager;logicDeletePartitionInfoByTableId(String);[243, 247];TRUE;[];[243, 247];[]
LakeSoul;52ee67b1e630d2cfad4d96b7ef2fa61a774534f1;com.dmetasoul.lakesoul.meta.DBManager;updateConflict(String, List<String>, Map<String,PartitionInfo>, Map<String,PartitionInfo>, int);[552];TRUE;[];[552, 554];[]
LakeSoul;52ee67b1e630d2cfad4d96b7ef2fa61a774534f1;com.dmetasoul.lakesoul.meta.DBManager;getSinglePartitionInfo(String, String);[145];TRUE;[];[145];[]
LakeSoul;52ee67b1e630d2cfad4d96b7ef2fa61a774534f1;com.dmetasoul.lakesoul.meta.DBManager;DBManager();[42];TRUE;[];[42];[]
LakeSoul;52ee67b1e630d2cfad4d96b7ef2fa61a774534f1;com.dmetasoul.lakesoul.meta.DBManager;mergeConflict(String, List<String>, Map<String,PartitionInfo>, Map<String,PartitionInfo>, int);[593];TRUE;[];[593, 595];[]
LakeSoul;52ee67b1e630d2cfad4d96b7ef2fa61a774534f1;com.dmetasoul.lakesoul.meta.DBManager;createNewTable(String, String, String, String, JSONObject, String);[115, 120, 107, 125];TRUE;[];[115, 120, 107, 125];[]
LakeSoul;52ee67b1e630d2cfad4d96b7ef2fa61a774534f1;com.dmetasoul.lakesoul.meta.DBManager;listTables();[133];TRUE;[];[133];[]
RxJava;bafd440040db4097205b7105a777c2ab4f5af16f;rx.Observable;map(Object);[2953];TRUE;[];[2953];[]
RxJava;bafd440040db4097205b7105a777c2ab4f5af16f;rx.Observable;forEach(Object);[612];TRUE;[];[612];[]
RxJava;bafd440040db4097205b7105a777c2ab4f5af16f;rx.Observable;subscribe(Object, Object);[380];TRUE;[];[380];[]
RxJava;bafd440040db4097205b7105a777c2ab4f5af16f;rx.Observable;filter(Object);[2782];TRUE;[];[2782];[]
RxJava;bafd440040db4097205b7105a777c2ab4f5af16f;rx.Observable;subscribe(Object);[307];TRUE;[];[307];[]
RxJava;bafd440040db4097205b7105a777c2ab4f5af16f;rx.Observable;onErrorReturn(Object);[3195];TRUE;[];[3195];[]
RxJava;bafd440040db4097205b7105a777c2ab4f5af16f;rx.Observable;forEach(Action1<T>);[543];TRUE;[];[543];[]
RxJava;bafd440040db4097205b7105a777c2ab4f5af16f;rx.Observable;onErrorResumeNext(Object);[3113];TRUE;[];[3113];[]
RxJava;bafd440040db4097205b7105a777c2ab4f5af16f;rx.Observable;subscribe(Action1<T>, Action1<Exception>);[414];TRUE;[];[414];[]
RxJava;bafd440040db4097205b7105a777c2ab4f5af16f;rx.Observable;subscribe(Action1<T>, Action1<Exception>, Action0);[493];TRUE;[];[493];[]
RxJava;bafd440040db4097205b7105a777c2ab4f5af16f;rx.Observable;subscribe(Map<String,Object>);[258];TRUE;[];[258];[]
RxJava;bafd440040db4097205b7105a777c2ab4f5af16f;rx.Observable;subscribe(Action1<T>);[339];TRUE;[];[339];[]
RxJava;bafd440040db4097205b7105a777c2ab4f5af16f;rx.Observable;mapMany(Object);[3004];TRUE;[];[3004];[]
RxJava;bafd440040db4097205b7105a777c2ab4f5af16f;rx.Observable;subscribe(Object, Object, Object);[457];TRUE;[];[457];[]
RxJava;27f72d4b886ee6a44d4265fbd02b2d110f1cd97d;rx.Observable;forEach(Action1<T>);[543];TRUE;[];[543];[]
RxJava;27f72d4b886ee6a44d4265fbd02b2d110f1cd97d;rx.Observable;onErrorResumeNext(Object);[3118];TRUE;[];[3118];[]
RxJava;27f72d4b886ee6a44d4265fbd02b2d110f1cd97d;rx.Observable;subscribe(Action1<T>, Action1<Exception>);[414];TRUE;[];[414];[]
RxJava;27f72d4b886ee6a44d4265fbd02b2d110f1cd97d;rx.Observable;subscribe(Action1<T>, Action1<Exception>, Action0);[493];TRUE;[];[493];[]
RxJava;27f72d4b886ee6a44d4265fbd02b2d110f1cd97d;rx.Observable;subscribe(Map<String,Object>);[258];TRUE;[];[258];[]
RxJava;27f72d4b886ee6a44d4265fbd02b2d110f1cd97d;rx.Observable;subscribe(Action1<T>);[339];TRUE;[];[339];[]
easyexcel;fd860956d9e195079d730a047023b1ce9f9dcdff;com.alibaba.excel.write.style.column.LongestMatchColumnWidthStyleStrategy;dataLength(CellData, Cell, boolean);[61];TRUE;[];[61];[]
easyexcel;fd860956d9e195079d730a047023b1ce9f9dcdff;com.alibaba.excel.converters.longconverter.LongNumberConverter;convertToExcelData(Long, ExcelContentProperty, GlobalConfiguration);[37];TRUE;[];[37];[]
easyexcel;fd860956d9e195079d730a047023b1ce9f9dcdff;com.alibaba.excel.converters.longconverter.LongNumberConverter;convertToJavaData(CellData, ExcelContentProperty, GlobalConfiguration);[31];TRUE;[];[31];[]
easyexcel;fd860956d9e195079d730a047023b1ce9f9dcdff;com.alibaba.excel.converters.date.DateNumberConverter;convertToJavaData(CellData, ExcelContentProperty, GlobalConfiguration);[35];TRUE;[];[35];[]
easyexcel;fd860956d9e195079d730a047023b1ce9f9dcdff;com.alibaba.excel.converters.date.DateNumberConverter;convertToExcelData(Date, ExcelContentProperty, GlobalConfiguration);[48, 49, 50, 51, 52, 46, 47];TRUE;[];[48, 49, 50, 51, 52, 46, 47];[]
easyexcel;fd860956d9e195079d730a047023b1ce9f9dcdff;com.alibaba.excel.metadata.CellData;CellData(CellData);[65, 66, 67, 55, 87, 58, 91, 47];TRUE;[];[47];[]
easyexcel;fd860956d9e195079d730a047023b1ce9f9dcdff;com.alibaba.excel.metadata.CellData;toString();[230];TRUE;[];[230];[]
easyexcel;fd860956d9e195079d730a047023b1ce9f9dcdff;com.alibaba.excel.metadata.CellData;CellData(Double);[66, 67, 55, 87, 58, 91, 61, 47];TRUE;[];[87, 91];[]
easyexcel;fd860956d9e195079d730a047023b1ce9f9dcdff;com.alibaba.excel.metadata.CellData;checkEmpty();[213];TRUE;[];[213];[]
easyexcel;fd860956d9e195079d730a047023b1ce9f9dcdff;com.alibaba.excel.converters.bigdecimal.BigDecimalNumberConverter;convertToJavaData(CellData, ExcelContentProperty, GlobalConfiguration);[31];TRUE;[];[31];[]
easyexcel;fd860956d9e195079d730a047023b1ce9f9dcdff;com.alibaba.excel.converters.bigdecimal.BigDecimalNumberConverter;convertToExcelData(BigDecimal, ExcelContentProperty, GlobalConfiguration);[37];TRUE;[];[37];[]
easyexcel;fd860956d9e195079d730a047023b1ce9f9dcdff;com.alibaba.excel.converters.floatconverter.FloatNumberConverter;convertToExcelData(Float, ExcelContentProperty, GlobalConfiguration);[37];TRUE;[];[37];[]
easyexcel;fd860956d9e195079d730a047023b1ce9f9dcdff;com.alibaba.excel.converters.floatconverter.FloatNumberConverter;convertToJavaData(CellData, ExcelContentProperty, GlobalConfiguration);[31];TRUE;[];[31];[]
easyexcel;fd860956d9e195079d730a047023b1ce9f9dcdff;com.alibaba.easyexcel.test.temp.simple.HgTest;hh();[];TRUE;[];[27];[]
easyexcel;fd860956d9e195079d730a047023b1ce9f9dcdff;com.alibaba.excel.converters.byteconverter.ByteNumberConverter;convertToExcelData(Byte, ExcelContentProperty, GlobalConfiguration);[37];TRUE;[];[37];[]
easyexcel;fd860956d9e195079d730a047023b1ce9f9dcdff;com.alibaba.excel.converters.byteconverter.ByteNumberConverter;convertToJavaData(CellData, ExcelContentProperty, GlobalConfiguration);[31];TRUE;[];[31];[]
easyexcel;fd860956d9e195079d730a047023b1ce9f9dcdff;com.alibaba.excel.write.ExcelBuilderImpl;converterAndSet(WriteHolder, Class, Cell, Object, ExcelContentProperty);[295, 312, 317];TRUE;[];[312];[]
easyexcel;fd860956d9e195079d730a047023b1ce9f9dcdff;com.alibaba.excel.analysis.v07.handlers.DefaultCellHandler;appendCurrentCellValue(String);[168, 169];TRUE;[];[168, 169, 138];[]
easyexcel;fd860956d9e195079d730a047023b1ce9f9dcdff;com.alibaba.excel.analysis.v03.handlers.NumberRecordHandler;processRecord(Record);[34];TRUE;[];[34];[]
easyexcel;fd860956d9e195079d730a047023b1ce9f9dcdff;com.alibaba.excel.converters.doubleconverter.DoubleNumberConverter;convertToExcelData(Double, ExcelContentProperty, GlobalConfiguration);[37];TRUE;[];[37];[]
karate;2d48cacabb197ecd65392ba434ad8f8981fe1950;com.intuit.karate.Json;set(String, String);[145, 146, 148, 142, 143];TRUE;[];[145, 146, 148, 142, 143];[]
karate;2d48cacabb197ecd65392ba434ad8f8981fe1950;com.intuit.karate.Json;set(String, Object);[159];TRUE;[];[159];[]
karate;2d48cacabb197ecd65392ba434ad8f8981fe1950;com.intuit.karate.Json;of(Object);[64, 65, 66, 67, 69, 62, 63];TRUE;[];[64, 65, 66, 67, 69, 62, 63];[]
karate;2d48cacabb197ecd65392ba434ad8f8981fe1950;driver.JavaApiPlaywrightRunner;beforeAll();[21];TRUE;[];[21];[]
karate;2d48cacabb197ecd65392ba434ad8f8981fe1950;driver.JavaApiPlaywrightRunner;testPlaywright();[];TRUE;[];[];[]
karate;2d48cacabb197ecd65392ba434ad8f8981fe1950;driver.JavaApiRunner;beforeAll();[25];TRUE;[];[25];[]
karate;2d48cacabb197ecd65392ba434ad8f8981fe1950;driver.JavaApiRunner;testChromeHybrid();[40, 41, 42];TRUE;[];[40, 41, 42];[]
karate;2d48cacabb197ecd65392ba434ad8f8981fe1950;com.intuit.karate.MatchOperation;macroEqualsExpected(String);[342, 343, 344, 345];TRUE;[];[342, 343, 344, 345];[]
karate;2d48cacabb197ecd65392ba434ad8f8981fe1950;com.intuit.karate.Match;is(Type, Object);[341];TRUE;[];[341];[]
karate;2d48cacabb197ecd65392ba434ad8f8981fe1950;com.intuit.karate.Match;evaluate(Object);[442];TRUE;[];[442];[]
karate;2d48cacabb197ecd65392ba434ad8f8981fe1950;com.intuit.karate.Match;isEachContainingOnly(Object);[404];TRUE;[];[404];[]
karate;2d48cacabb197ecd65392ba434ad8f8981fe1950;com.intuit.karate.Match;isNotContaining(Object);[380];TRUE;[];[380];[]
karate;2d48cacabb197ecd65392ba434ad8f8981fe1950;com.intuit.karate.Match;isEachNotEqualTo(Object);[388];TRUE;[];[388];[]
karate;2d48cacabb197ecd65392ba434ad8f8981fe1950;com.intuit.karate.Match;isEachEqualTo(Object);[384];TRUE;[];[384];[]
karate;2d48cacabb197ecd65392ba434ad8f8981fe1950;com.intuit.karate.Match;containsAny(Object);[372];TRUE;[];[372];[]
karate;2d48cacabb197ecd65392ba434ad8f8981fe1950;com.intuit.karate.Match;isEachContainingDeep(Object);[400];TRUE;[];[400];[]
karate;2d48cacabb197ecd65392ba434ad8f8981fe1950;com.intuit.karate.Match;isEqualTo(Object);[356];TRUE;[];[356];[]
karate;2d48cacabb197ecd65392ba434ad8f8981fe1950;com.intuit.karate.Match;that(Object);[446];TRUE;[];[446];[]
karate;2d48cacabb197ecd65392ba434ad8f8981fe1950;com.intuit.karate.Match;containsDeep(Object);[364];TRUE;[];[364];[]
karate;2d48cacabb197ecd65392ba434ad8f8981fe1950;com.intuit.karate.Match;isEachContainingAny(Object);[408];TRUE;[];[408];[]
shenyu;3e51857ba3a0392d4c836068bfc3e40ef52976b5;org.dromara.soul.common.utils.GsonUtilsTest;testToTreeMap();[217];TRUE;[];[217];[]
shenyu;3e51857ba3a0392d4c836068bfc3e40ef52976b5;org.dromara.soul.common.utils.GsonUtils;deserialize(JsonElement, Type, JsonDeserializationContext);[311, 312, 313, 316];TRUE;[];[311, 312, 313, 316];[]
shenyu;3e51857ba3a0392d4c836068bfc3e40ef52976b5;org.dromara.soul.common.utils.GsonUtils;convertToMap(String);[260, 261];TRUE;[];[260, 261];[]
hsweb-framework;49aa034c240ca9955b97d44889f6e1c5d058a06f;org.hswebframework.web.datasource.switcher.DefaultDatabaseSwitcher;useDefault();[61];TRUE;[];[61];[]
hsweb-framework;49aa034c240ca9955b97d44889f6e1c5d058a06f;org.hswebframework.web.datasource.switcher.DefaultDatabaseSwitcher;currentDatabase();[74];TRUE;[];[74];[]
hsweb-framework;49aa034c240ca9955b97d44889f6e1c5d058a06f;org.hswebframework.web.ThreadLocalUtils;getAll();[51];TRUE;[];[51];[]
hsweb-framework;49aa034c240ca9955b97d44889f6e1c5d058a06f;org.hswebframework.web.dao.mybatis.builder.EasyOrmSqlBuilder;buildUpdateFields(String, String, UpdateParam);[272, 295, 296, 297, 298, 283, 284, 301, 285, 286, 271];TRUE;[];[272, 295, 296, 297, 298, 283, 284, 301, 285, 286, 271];[]
hsweb-framework;49aa034c240ca9955b97d44889f6e1c5d058a06f;org.hswebframework.web.dao.mybatis.builder.EasyOrmSqlBuilder;buildWhere(String, String, Object);[457, 458, 460];TRUE;[];[457, 458, 460];[]
hsweb-framework;49aa034c240ca9955b97d44889f6e1c5d058a06f;org.hswebframework.web.dao.mybatis.builder.EasyOrmSqlBuilder;createMeta(String, String);[237, 238, 239, 240, 241, 242, 243, 244, 245, 246, 248, 249, 250, 219, 251, 220, 252, 253, 221, 222, 254, 255];TRUE;[];[237, 238, 239, 240, 241, 242, 243, 244, 245, 246, 248, 249, 250, 219, 251, 220, 252, 253, 221, 222, 254, 255];[]
hsweb-framework;49aa034c240ca9955b97d44889f6e1c5d058a06f;org.hswebframework.web.dao.mybatis.builder.EasyOrmSqlBuilder;buildSelectFields(String, String, Object);[354, 355, 357];TRUE;[];[354, 355, 357];[]
hsweb-framework;49aa034c240ca9955b97d44889f6e1c5d058a06f;org.hswebframework.web.datasource.switcher.DefaultDataSourceSwitcher;useDefault();[61];TRUE;[];[61];[]
hsweb-framework;49aa034c240ca9955b97d44889f6e1c5d058a06f;org.hswebframework.web.datasource.switcher.DefaultDataSourceSwitcher;currentDataSourceId();[74];TRUE;[];[74];[]
hsweb-framework;49aa034c240ca9955b97d44889f6e1c5d058a06f;org.hswebframework.web.authorization.basic.handler.DefaultAuthorizingHandler;handleRBAC(Authentication, AuthorizeDefinition);[218, 219, 205, 206, 207];TRUE;[];[218, 219, 205, 206, 207];[]
hsweb-framework;49aa034c240ca9955b97d44889f6e1c5d058a06f;org.hswebframework.web.dao.crud.TestCrud;testCRUD();[83, 84, 87];TRUE;[];[83, 84, 87];[]
hsweb-framework;49aa034c240ca9955b97d44889f6e1c5d058a06f;org.hswebframework.web.bean.FastBeanCopierTest;test();[];TRUE;[];[];[]
hsweb-framework;49aa034c240ca9955b97d44889f6e1c5d058a06f;org.hswebframework.web.bean.FastBeanCopierTest;testCopyMap();[81];TRUE;[];[81];[]
hsweb-framework;49aa034c240ca9955b97d44889f6e1c5d058a06f;org.hswebframework.web.service.organizational.simple.SimplePersonService;transformationTreeNode(V, List<V>);[510];TRUE;[];[510];[]
hsweb-framework;49aa034c240ca9955b97d44889f6e1c5d058a06f;org.hswebframework.web.service.organizational.simple.SimplePersonService;getAllChildrenAndReturnRootNode(QueryByEntityDao<T>, Set<String>, BiConsumer<T,List<T>>, Consumer<List<T>>);[496, 497, 501, 502, 487, 489, 490, 492, 494];TRUE;[];[496, 497, 501, 502, 487, 489, 490, 492, 494];[]
hsweb-framework;49aa034c240ca9955b97d44889f6e1c5d058a06f;org.hswebframework.web.authorization.listener.event.AuthorizationDecodeEvent;setPassword(String);[42];TRUE;[];[42];[]
hsweb-framework;49aa034c240ca9955b97d44889f6e1c5d058a06f;org.hswebframework.web.dao.mybatis.builder.jpa.JpaAnnotationParser;parseMetaDataFromEntity(Class);[169];TRUE;[];[169];[]
hsweb-framework;49aa034c240ca9955b97d44889f6e1c5d058a06f;org.hswebframework.web.bean.FastBeanCopier;createGetterFunction();[314];TRUE;[];[314];[]
hsweb-framework;49aa034c240ca9955b97d44889f6e1c5d058a06f;org.hswebframework.web.bean.FastBeanCopier;convert(Object, Class<T>, Class[]);[544, 545, 546, 563, 547, 548, 564, 565, 566, 567];TRUE;[];[544, 545, 546, 563, 547, 548, 564, 565, 566, 567];[]
hsweb-framework;49aa034c240ca9955b97d44889f6e1c5d058a06f;org.hswebframework.web.bean.FastBeanCopier;createCopier(Class, Class);[145, 146];TRUE;[];[145, 146];[]
shardingsphere-elasticjob;2495503e688486eb2c9e56c57bbed14bf9821c45;org.apache.shardingsphere.elasticjob.error.handler.dingtalk.DingtalkJobErrorHandler;getErrorMessage(String, Throwable);[134];TRUE;[];[134];[]
shardingsphere-elasticjob;7dc099541a16de49f024fc59e46377a726be7f6b;com.dangdang.ddframe.job.cloud.scheduler.restful.RestfulService;RestfulService(CoordinatorRegistryCenter, RestfulServerConfiguration, ProducerManager);[];TRUE;[];[41, 42];[]
shardingsphere-elasticjob;7dc099541a16de49f024fc59e46377a726be7f6b;com.dangdang.ddframe.job.cloud.scheduler.restful.CloudAppRestfulApiTest;assertUpdate();[61];TRUE;[];[];[]
shardingsphere-elasticjob;7dc099541a16de49f024fc59e46377a726be7f6b;com.dangdang.ddframe.job.cloud.scheduler.restful.CloudAppRestfulApiTest;assertRegisterWithExistedName();[49, 47];TRUE;[];[];[]
shardingsphere-elasticjob;7dc099541a16de49f024fc59e46377a726be7f6b;com.dangdang.ddframe.job.cloud.scheduler.restful.CloudAppRestfulApiTest;assertRegister();[40];TRUE;[];[];[]
metrics;9cea37b1ad4d3fa8720d3be4ae72bf43e25cd781;com.yammer.metrics.stats.ExponentiallyDecayingSample;rescale(long, long);[176, 168];TRUE;[];[176, 168];[]
metrics;9cea37b1ad4d3fa8720d3be4ae72bf43e25cd781;com.yammer.metrics.stats.ExponentiallyDecayingSample;update(long, long);[117, 92];TRUE;[];[117, 92];[]
metrics;9cea37b1ad4d3fa8720d3be4ae72bf43e25cd781;com.yammer.metrics.stats.ExponentiallyDecayingSample;ExponentiallyDecayingSample(int, double);[43];TRUE;[];[43];[]
metrics;9cea37b1ad4d3fa8720d3be4ae72bf43e25cd781;com.yammer.metrics.stats.ExponentiallyDecayingSample;update(long);[81];TRUE;[];[81];[]
metrics;9cea37b1ad4d3fa8720d3be4ae72bf43e25cd781;com.yammer.metrics.stats.ExponentiallyDecayingSample;clear();[67, 68];TRUE;[];[67];[]
metrics;9cea37b1ad4d3fa8720d3be4ae72bf43e25cd781;com.yammer.metrics.reporting.JmxReporter;registerBean(MetricName, MetricMBean, ObjectName);[461, 462, 463];TRUE;[];[461, 462, 463];[]
metrics;9cea37b1ad4d3fa8720d3be4ae72bf43e25cd781;com.yammer.metrics.core.Histogram;updateVariance(long);[217];TRUE;[];[224, 209, 207, 223];[]
swagger-core;69d448aa87dde57ff404cdfa0187813f58545bd7;io.swagger.jaxrs2.annotations.callbacks.CallbackTest;testSimpleCallback();[60, 76, 77, 61];TRUE;[];[60, 76, 77, 61];[]
swagger-core;69d448aa87dde57ff404cdfa0187813f58545bd7;io.swagger.jaxrs2.Reader;processParameter(List<Parameter>, Operation, RequestBody, List<Parameter>, javax.ws.rs.Consumes, Annotation[], Type);[283];TRUE;[];[283];[]
swagger-core;69d448aa87dde57ff404cdfa0187813f58545bd7;io.swagger.jaxrs2.Reader;setOperationObjectFromApiOperationAnnotation(Operation, io.swagger.oas.annotations.Operation);[526];TRUE;[];[526];[]
swagger-core;69d448aa87dde57ff404cdfa0187813f58545bd7;io.swagger.jaxrs2.OperationParser;getParameter(io.swagger.oas.annotations.Parameter, Components);[128, 109, 110, 143, 111, 113, 114, 115, 89, 90, 91, 92, 124, 125, 126, 127];TRUE;[];[128, 92, 124, 125, 126, 127, 143];[]
swagger-core;69d448aa87dde57ff404cdfa0187813f58545bd7;io.swagger.jaxrs2.OperationParser;getRequestBody(io.swagger.oas.annotations.parameters.RequestBody, Components);[371, 372];TRUE;[];[371, 372];[]
swagger-core;69d448aa87dde57ff404cdfa0187813f58545bd7;io.swagger.jaxrs2.OperationParser;getParametersList(io.swagger.oas.annotations.Parameter[], Components);[63];TRUE;[];[63];[]
swagger-core;69d448aa87dde57ff404cdfa0187813f58545bd7;io.swagger.jaxrs2.OperationParser;getLink(io.swagger.oas.annotations.links.Link);[579, 580, 582, 586];TRUE;[];[579, 580, 582, 586];[]
swagger-core;69d448aa87dde57ff404cdfa0187813f58545bd7;io.swagger.jaxrs2.OperationParser;getApiResponses(io.swagger.oas.annotations.responses.ApiResponse[], Produces, Produces, Components);[386, 387];TRUE;[];[386, 387];[]
swagger-core;69d448aa87dde57ff404cdfa0187813f58545bd7;io.swagger.jaxrs2.OperationParser;getContent(io.swagger.oas.annotations.media.Content[], Produces, Produces, Components);[422, 423, 424, 425, 430];TRUE;[];[430];[]
swagger-core;69d448aa87dde57ff404cdfa0187813f58545bd7;io.swagger.jaxrs2.OperationParser;getSchemaFromAnnotation(io.swagger.oas.annotations.media.Schema);[248, 249, 250, 251, 252, 253, 254, 255];TRUE;[];[248, 249, 250, 251, 252, 253, 254, 255];[]
swagger-core;69d448aa87dde57ff404cdfa0187813f58545bd7;io.swagger.jaxrs2.annotations.parameters.ParametersTest;testSimpleCallback();[64, 65, 66, 67, 68, 42, 59, 60, 61, 62, 63];TRUE;[87];[64, 65, 66, 67, 68, 59, 60, 61, 62, 63];[]
swagger-core;69d448aa87dde57ff404cdfa0187813f58545bd7;io.swagger.jaxrs2.annotations.pathItems.OperationsWithLinksTest;createOperationWithLinkReferences();[];TRUE;[];[];[]
swagger-core;71b0ab4200d45936b11ebe7c9efa2e07985a4db6;io.swagger.jaxrs2.annotations.operations.AnnotatedOperationMethodTests;testOperationWithResponseExamples();[176, 177, 178, 164, 165, 166, 169, 173];TRUE;[];[176, 177, 178, 164, 165, 166, 169, 173];[]
swagger-core;71b0ab4200d45936b11ebe7c9efa2e07985a4db6;io.swagger.jaxrs2.annotations.operations.AnnotatedOperationMethodTests;testSimpleGetOperation();[26, 27, 28, 31];TRUE;[];[26, 27, 28, 31];[]
swagger-core;71b0ab4200d45936b11ebe7c9efa2e07985a4db6;io.swagger.jaxrs2.annotations.operations.AnnotatedOperationMethodTests;testSimpleGetOperationWithoutResponses();[64, 65, 68, 63];TRUE;[];[64, 65, 68, 63];[]
swagger-core;71b0ab4200d45936b11ebe7c9efa2e07985a4db6;io.swagger.jaxrs2.annotations.operations.AnnotatedOperationMethodTests;testGetOperationWithResponsePayloadAndAlternateCodes();[96, 97, 100, 104, 106, 110, 95];TRUE;[];[96, 97, 100, 104, 106, 110, 95];[]
swagger-core;b6e843482dd92373231913844bb7b7022412f359;io.swagger.jaxrs2.OperationParser;getParameter(io.swagger.oas.annotations.Parameter, Components);[113, 114, 115, 89, 90, 91, 92, 109, 110, 111];TRUE;[];[128, 92, 124, 125, 126, 127, 143];[]
swagger-core;b6e843482dd92373231913844bb7b7022412f359;io.swagger.jaxrs2.OperationParser;getContent(io.swagger.oas.annotations.media.Content[], Produces, Produces, Components);[424];TRUE;[];[430];[]
swagger-core;b6e843482dd92373231913844bb7b7022412f359;io.swagger.jaxrs2.annotations.parameters.ParametersTest;testSimpleCallback();[42];TRUE;[87];[64, 65, 66, 67, 68, 59, 60, 61, 62, 63];[]
Mapper;dcaf425109c3d2e3a3e0e44154d077f1ed118e3e;tk.mybatis.mapper.mapperhelper.SqlHelper;getLogicDeleteColumn(Class<?>);[752, 753, 749, 751];TRUE;[];[752, 753, 749, 751];[]
Mapper;dcaf425109c3d2e3a3e0e44154d077f1ed118e3e;tk.mybatis.mapper.mapperhelper.SqlHelper;wherePKColumns(Class<?>, String, boolean);[562];TRUE;[];[562];[]
Mapper;dcaf425109c3d2e3a3e0e44154d077f1ed118e3e;tk.mybatis.mapper.mapperhelper.SqlHelper;updateSetColumns(Class<?>, String, boolean, boolean);[];TRUE;[];[];[]
Mapper;dcaf425109c3d2e3a3e0e44154d077f1ed118e3e;tk.mybatis.mapper.mapperhelper.SqlHelper;whereAllIfColumns(Class<?>, boolean, boolean);[609, 614, 615];TRUE;[];[609, 614, 615];[]
Mapper;dcaf425109c3d2e3a3e0e44154d077f1ed118e3e;tk.mybatis.mapper.mapperhelper.SqlHelper;logicDeleteColumnEqualsValue(Class<?>, boolean);[681, 683, 684, 687];TRUE;[];[681, 683, 684, 687];[]
Mapper;dcaf425109c3d2e3a3e0e44154d077f1ed118e3e;tk.mybatis.mapper.provider.ExampleProvider;deleteByExample(MappedStatement);[80];TRUE;[];[80];[]
Mapper;dcaf425109c3d2e3a3e0e44154d077f1ed118e3e;tk.mybatis.mapper.additional.update.differ.UpdateByDifferProvider;updateSetColumnsByDiffer(Class<?>);[];TRUE;[];[];[]
Mapper;dcaf425109c3d2e3a3e0e44154d077f1ed118e3e;tk.mybatis.mapper.provider.base.BaseInsertProvider;insert(MappedStatement);[50, 59];TRUE;[];[50, 59];[]
Mapper;dcaf425109c3d2e3a3e0e44154d077f1ed118e3e;tk.mybatis.mapper.provider.base.BaseInsertProvider;insertSelective(MappedStatement);[97, 99, 88];TRUE;[];[97, 99, 88];[]
Mapper;dcaf425109c3d2e3a3e0e44154d077f1ed118e3e;tk.mybatis.mapper.mapperhelper.SqlHelperTest;testLogicDeleteSql();[38];TRUE;[];[38];[]
Mapper;dcaf425109c3d2e3a3e0e44154d077f1ed118e3e;tk.mybatis.mapper.provider.base.BaseDeleteProvider;delete(MappedStatement);[60];TRUE;[];[60];[]
Mapper;dcaf425109c3d2e3a3e0e44154d077f1ed118e3e;tk.mybatis.mapper.provider.base.BaseDeleteProvider;deleteByPrimaryKey(MappedStatement);[81];TRUE;[];[81];[]
Mapper;dcaf425109c3d2e3a3e0e44154d077f1ed118e3e;tk.mybatis.mapper.additional.update.force.UpdateByPrimaryKeySelectiveForceProvider;updateSetColumnsForce(Class<?>, String, boolean, boolean);[];TRUE;[];[];[]
Mapper;a26df1d522de6e312683800aa41f2f83b43f6937;tk.mybatis.mapper.additional.update.differ.UpdateByDifferProvider;updateSetColumnsByDiffer(Class<?>);[137];TRUE;[];[];[]
Mapper;a26df1d522de6e312683800aa41f2f83b43f6937;tk.mybatis.mapper.additional.update.force.UpdateByPrimaryKeySelectiveForceProvider;updateSetColumnsForce(Class<?>, String, boolean, boolean);[96, 97, 98, 99, 103, 94, 95];TRUE;[];[];[]
Mapper;a26df1d522de6e312683800aa41f2f83b43f6937;tk.mybatis.mapper.mapperhelper.SqlHelper;updateSetColumns(Class<?>, String, boolean, boolean);[496, 497, 486];TRUE;[];[483, 484, 485, 486, 487, 493, 495, 496, 497, 498, 500, 501, 502, 503, 474];[]
